Sr. No.,Name,Sex,Sem I,Sem II,Sem III,Sem IV,Sem V,Sem VI,Internship Done,,,,,,
1,Kai,female,7.90,9.70,6.96,8.13,8.40,5.96,Yes,,,,,,
2,Eliana,female,7.45,6.84,7.41,9.23,5.86,9.56,Yes,,,,,,
3,Jayden,female,8.11,8.03,6.52,5.63,9.89,7.99,No,,,,,,
4,Ezra,female,8.42,7.19,5.04,7.22,8.43,9.53,No,,,,,,
5,Luca,female,8.57,6.28,5.51,6.46,6.27,8.25,Yes,,,,,,
6,Rowan,male,9.31,8.01,7.70,7.52,6.44,5.00,No,,,,,,
7,Nova,female,5.80,7.28,6.34,5.91,7.47,5.89,Yes,,,,,,
8,Amara,female,6.72,7.11,6.95,9.56,9.66,6.32,Yes,,,,,,
9,Finn,male,5.80,5.47,7.04,5.51,9.20,9.08,Yes,,,,,,
10,Zion,male,5.58,6.51,7.15,7.25,7.08,8.16,No,,,,,,
11,Maeve,male,6.75,8.41,7.38,7.54,8.74,5.11,Yes,,,,,,
12,Kayden,male,8.77,6.12,9.13,8.84,8.54,6.33,Yes,,,,,,
13,Mia,female,6.23,7.72,9.11,5.24,5.32,8.31,No,,,,,,
14,Aurora,female,6.65,6.53,7.06,9.41,8.04,8.15,Yes,,,,,,
15,Alina,female,9.52,5.03,6.76,6.56,5.81,7.38,No,,,,,,
16,Remi,female,5.15,6.95,7.44,7.95,8.45,8.97,Yes,,,,,,
17,Amaya,female,8.71,9.70,9.98,6.20,7.53,9.07,No,,,,,,
18,Ari,female,8.61,7.49,5.77,5.42,5.14,9.79,No,,,,,,
19,Mila,female,9.12,5.75,6.82,9.31,5.57,6.93,No,,,,,,
20,Aaliyah,male,5.65,6.98,7.79,6.11,7.25,6.34,Yes,,,,,,
21,Blake,male,7.17,5.13,6.30,5.92,8.69,8.72,No,,,,,,
22,Elliot,male,6.01,9.91,7.01,9.78,9.20,9.68,No,,,,,,
23,Ivy,female,5.57,7.30,8.21,9.65,5.16,5.64,Yes,,,,,,
24,Quinn,male,7.06,9.18,9.80,9.28,9.25,7.32,No,,,,,,
25,Leo,male,6.07,8.77,7.31,8.87,9.31,7.01,No,,,,,,
26,Arthur,male,8.06,9.89,7.28,5.13,5.65,7.21,No,,,,,,
27,Rachel,female,5.56,8.08,8.45,9.98,5.41,5.21,No,,,,,,
28,River,female,9.60,5.37,7.08,9.37,9.60,7.82,Yes,,,,,,
29,Axel,male,8.85,7.01,6.53,9.76,5.52,7.51,No,,,,,,
30,Aria,female,8.63,9.24,6.89,8.28,5.14,8.57,No,,,,,,
31,Alex,male,8.12,8.25,9.87,7.05,5.10,9.15,No,,,,,,
32,Molly,female,9.25,5.20,6.19,9.05,6.56,9.48,No,,,,,,
33,Jude,female,9.89,7.04,9.67,7.62,8.01,7.26,No,,,,,,
34,Elias,male,5.40,9.14,7.51,6.30,9.14,5.13,Yes,,,,,,
35,Milo,male,6.65,9.17,7.37,8.26,9.28,9.42,No,,,,,,
36,Malachi,female,9.64,9.73,7.98,7.75,6.05,5.25,No,,,,,,
37,Charlie,male,6.74,5.40,9.64,7.92,7.82,5.52,Yes,,,,,,
38,Ira,female,5.73,5.80,7.47,5.59,6.46,9.47,Yes,,,,,,
39,Atlas,male,9.50,9.48,6.94,5.60,9.87,9.01,Yes,,,,,,
40,Evelyn,female,9.85,8.62,5.28,7.77,8.55,9.11,No,,,,,,
41,Rhys,male,7.53,8.16,7.34,9.67,5.24,9.85,Yes,,,,,,
42,Isaella,female,6.51,6.17,8.05,7.09,6.18,7.75,No,,,,,,
43,Ariella,male,7.53,6.60,6.93,6.89,9.89,6.56,No,,,,,,
44,Millie,female,8.64,9.61,9.31,6.75,8.62,8.80,No,,,,,,
45,Olivia,male,8.25,7.90,5.46,6.51,5.73,8.67,No,,,,,,
46,Lyla,male,9.75,5.71,9.17,5.60,8.82,8.77,No,,,,,,
47,Gianna,female,8.61,6.85,6.29,9.00,7.35,6.33,No,,,,,,
48,Everett,male,7.41,7.83,5.07,7.34,9.75,5.81,No,,,,,,
49,Hudson,female,7.25,6.82,8.26,8.90,7.23,6.56,Yes,,,,,,
50,Sienna,male,9.42,8.42,6.07,7.40,6.08,7.82,Yes,,,,,,
51,Emerson,male,9.54,6.28,6.35,9.22,5.56,8.98,Yes,,,,,,
52,Alice,male,7.08,6.04,8.66,5.60,8.67,7.20,No,,,,,,
53,Sharon,female,5.33,8.43,6.01,8.58,6.50,7.37,Yes,,,,,,
54,Isla,male,5.78,6.79,6.32,5.39,7.15,6.46,Yes,,,,,,
55,Thea,male,9.08,8.84,5.52,9.93,6.88,9.18,Yes,,,,,,
56,Alma,female,9.21,9.57,8.66,5.28,7.37,7.49,Yes,,,,,,
57,Maverick,female,8.90,8.99,9.50,8.86,7.46,7.25,Yes,,,,,,
58,Raya,male,5.27,8.24,7.20,6.37,5.39,8.11,No,,,,,,
59,Jesse,female,6.56,6.73,5.78,8.89,5.06,9.35,Yes,,,,,,
60,Zoey,male,5.28,5.38,9.30,7.81,7.35,6.94,No,,,,,,
61,Amelia,female,6.29,5.91,7.08,7.49,6.29,7.73,No,,,,,,
62,Xavier,male,9.07,6.15,9.26,6.06,9.98,6.50,Yes,,,,,,
63,Andrea,male,7.73,6.80,8.25,8.53,8.16,9.52,No,,,,,,
64,Liam,male,6.39,7.88,5.60,9.45,7.27,5.25,No,,,,,,
65,Kieran,male,6.16,7.18,5.54,6.95,7.11,9.57,No,,,,,,
66,Isha,female,8.39,8.11,7.31,6.46,8.82,7.84,No,,,,,,
67,Akira,male,8.14,5.36,7.05,8.58,8.20,8.19,No,,,,,,
68,Marcus,male,7.76,7.78,7.97,7.88,6.63,5.31,Yes,,,,,,
69,Rohan,male,5.08,6.00,8.38,7.69,8.87,7.29,No,,,,,,
70,Alana,female,5.18,8.15,7.23,7.03,9.13,8.03,No,,,,,,
71,Skylar,male,7.85,5.20,8.31,6.63,9.03,9.88,Yes,,,,,,
72,Dante,male,7.41,8.11,9.19,8.73,5.65,9.07,Yes,,,,,,
73,Maeve,female,7.06,7.05,7.40,6.76,7.61,6.78,Yes,,,,,,
74,Sloane,female,9.60,5.12,5.53,8.24,8.32,6.58,Yes,,,,,,
75,Elise,female,9.70,7.05,5.50,8.81,5.02,8.40,No,,,,,,
76,Finley,male,9.91,5.80,8.67,6.01,6.13,8.35,No,,,,,,
77,Savannah,female,8.37,9.34,6.48,6.90,6.06,8.55,Yes,,,,,,
78,Everly,male,7.65,7.99,5.14,9.06,5.93,7.31,No,,,,,,
79,Ayla,female,6.51,9.81,6.44,6.22,6.77,8.53,No,,,,,,
80,Theo,female,6.08,5.80,6.74,8.07,7.73,5.27,Yes,,,,,,
81,Kian,female,5.52,7.24,8.64,5.93,8.59,6.31,Yes,,,,,,
82,Joseph,male,6.85,9.56,7.13,6.58,8.15,7.82,No,,,,,,
83,Brielle,male,5.94,5.09,6.98,6.10,8.47,8.19,Yes,,,,,,
84,Brian,female,5.95,9.51,5.72,8.28,7.51,8.45,No,,,,,,
85,Skyler,female,5.23,5.94,6.06,7.57,9.09,8.30,Yes,,,,,,
86,Myra,male,7.91,5.74,6.84,9.42,7.58,5.26,No,,,,,,
87,Bailey,female,5.92,7.97,5.10,6.10,8.24,5.83,No,,,,,,
88,Riley,female,7.38,9.11,9.92,7.31,6.03,8.50,No,,,,,,
89,Ezekiel,female,8.79,5.66,5.42,8.78,6.89,6.71,No,,,,,,
90,rebecca,male,6.98,9.10,6.48,7.33,6.74,7.29,No,,,,,,
91,Sage,male,7.67,9.84,9.77,6.88,9.20,7.31,No,,,,,,
92,Rae,male,6.79,5.39,7.54,9.48,5.96,6.17,Yes,,,,,,
93,Sasha,female,5.68,6.15,5.80,8.39,9.68,7.64,Yes,,,,,,
94,Valerie,female,9.17,7.83,9.80,6.91,7.57,7.38,Yes,,,,,,
95,Sean,female,8.64,6.38,7.79,9.47,6.50,9.21,No,,,,,,
96,Brianna,female,7.07,10.00,9.35,5.06,9.48,6.96,Yes,,,,,,
97,Elora,male,9.74,7.34,6.51,5.54,5.24,9.01,Yes,,,,,,
98,Simon,male,8.18,8.72,6.21,6.02,9.17,9.54,No,,,,,,
99,Leon,female,6.87,8.83,5.89,8.63,8.65,9.34,No,,,,,,
100,Ivan,female,7.12,9.94,9.88,6.36,9.01,7.27,Yes,,,,,,
101,Nia,male,6.13,6.91,6.94,7.12,5.80,8.32,Yes,,,,,,
102,Noah,male,8.85,7.48,5.75,6.95,9.44,6.57,Yes,,,,,,
103,Khadijah,male,5.17,5.46,5.92,7.19,5.00,6.17,No,,,,,,
104,Vivian,female,9.48,5.41,5.43,9.56,7.59,7.52,No,,,,,,
105,Mina,female,9.47,6.29,6.06,7.91,9.78,7.02,Yes,,,,,,
106,Evan,male,8.99,5.74,9.42,9.13,9.19,8.95,No,,,,,,
107,Ava,male,9.38,6.69,8.23,6.47,8.98,5.42,Yes,,,,,,
108,Nolan,female,7.37,7.25,5.14,6.22,7.66,8.75,No,,,,,,
109,James,male,9.29,9.09,5.03,8.87,6.53,7.06,No,,,,,,
110,Jade,male,5.23,7.05,5.26,6.01,5.46,8.77,No,,,,,,
111,Mika,female,7.49,8.85,7.66,7.38,6.54,5.47,No,,,,,,
112,Chelsea,female,6.31,7.68,5.88,5.02,6.85,7.54,Yes,,,,,,
113,Rory,male,6.80,5.05,8.77,7.71,7.19,7.33,Yes,,,,,,
114,Natasha,male,7.86,5.93,6.93,6.37,7.82,7.36,Yes,,,,,,
115,Nora,female,6.71,6.59,9.72,6.76,6.86,8.56,No,,,,,,
116,Lennox,male,8.74,9.27,9.63,6.39,7.32,7.85,Yes,,,,,,
117,Emery,female,7.03,7.50,6.93,5.44,9.84,6.51,No,,,,,,
118,Wren,female,8.30,5.90,8.80,6.99,9.79,6.23,No,,,,,,
119,Aiden,male,5.39,9.49,5.74,8.09,9.46,6.14,No,,,,,,
120,Harlow,male,6.79,6.09,7.25,5.83,8.45,8.80,No,,,,,,
121,Kyra,female,8.08,7.51,5.20,5.76,6.62,9.90,Yes,,,,,,
122,Leilani,male,7.58,5.95,5.79,5.02,9.52,8.78,Yes,,,,,,
123,Kayla,female,9.51,9.38,5.00,5.24,9.39,5.97,Yes,,,,,,
124,Avery,female,7.77,6.38,5.35,7.77,9.16,8.69,No,,,,,,
125,Zoe,female,5.24,9.41,5.05,9.79,6.67,7.24,Yes,,,,,,
126,Lara,female,9.11,7.69,6.15,7.75,6.40,9.59,Yes,,,,,,
127,Camila,male,9.59,9.57,8.68,7.10,5.82,5.70,No,,,,,,
128,Alyssa,female,6.75,8.13,9.38,9.39,5.62,8.30,Yes,,,,,,
129,Amira,male,7.41,8.49,8.36,7.38,5.70,5.04,No,,,,,,
130,Alaina,male,9.42,6.90,7.68,6.25,6.28,6.43,Yes,,,,,,
131,Shiloh,female,9.37,7.39,6.63,8.64,6.14,5.50,Yes,,,,,,
132,Luna,female,6.00,8.45,6.04,9.74,6.44,8.84,No,,,,,,
133,Camille,female,5.63,8.71,6.09,9.48,7.04,6.31,Yes,,,,,,
134,Orion,female,8.69,5.14,5.26,9.61,9.36,9.91,Yes,,,,,,
135,Hayden,female,8.26,9.46,6.46,7.69,5.64,8.07,No,,,,,,
136,Rhea,female,9.21,10.00,9.57,5.63,8.09,7.85,No,,,,,,
137,Emma,female,6.85,9.54,6.18,5.45,5.28,9.07,Yes,,,,,,
138,Mateo,male,9.69,8.50,5.29,9.35,8.08,8.42,Yes,,,,,,
139,Mya,male,9.87,8.58,8.40,9.33,9.12,9.03,No,,,,,,
140,Yara,female,5.22,7.08,6.67,7.12,9.80,8.36,Yes,,,,,,
141,Evie,female,7.32,6.31,8.49,9.29,8.96,9.14,Yes,,,,,,
142,Asher,male,6.62,9.34,8.58,9.59,7.03,8.15,Yes,,,,,,
143,Azariah,female,5.61,6.95,9.95,8.00,6.24,6.29,No,,,,,,
144,Isabelle,male,6.77,9.65,5.32,7.21,7.70,9.28,Yes,,,,,,
145,Aisha,female,8.10,8.03,5.26,7.57,7.01,5.68,Yes,,,,,,
146,Arlo,female,6.16,9.07,5.37,7.32,8.48,7.33,Yes,,,,,,
147,Charlotte,male,8.45,9.94,6.69,7.65,5.71,5.24,Yes,,,,,,
148,Gemma,female,7.23,8.68,8.12,5.24,9.76,7.76,No,,,,,,
149,Fiona,female,5.36,5.96,7.77,7.92,7.31,9.77,No,,,,,,
150,Ellis,female,8.88,6.57,5.55,5.70,8.39,9.76,Yes,,,,,,
151,Asa,female,9.33,7.53,5.99,7.65,8.68,9.24,Yes,,,,,,
152,Skye,female,6.36,7.72,7.80,8.76,8.06,6.00,No,,,,,,
153,Nico,male,5.38,7.26,7.41,6.78,8.66,6.02,Yes,,,,,,
154,Reese,female,9.34,8.16,5.21,5.75,7.03,9.49,No,,,,,,
155,Kyle,male,7.88,8.92,6.23,6.12,7.84,9.53,No,,,,,,
156,Lachlan,male,7.07,9.77,7.04,6.22,5.34,6.37,Yes,,,,,,
157,Aditya,female,9.35,7.56,5.71,8.98,5.68,8.19,Yes,,,,,,
158,Marie,female,6.18,5.27,6.56,5.31,9.67,8.09,No,,,,,,
159,Margot,male,8.67,8.50,5.73,9.59,9.01,6.00,No,,,,,,
160,Lisa,male,6.71,5.84,9.39,7.33,8.73,8.88,No,,,,,,
161,Cecilia,male,6.77,8.84,5.51,7.28,8.38,6.93,Yes,,,,,,
162,Monica,male,6.64,5.69,6.65,9.17,7.71,8.06,Yes,,,,,,
163,Aubrey,male,9.83,8.64,6.46,6.50,6.67,7.91,No,,,,,,
164,Grace,male,7.76,5.36,6.20,6.30,6.28,6.49,No,,,,,,
165,Noa,male,7.81,8.77,8.35,7.37,9.61,8.68,Yes,,,,,,
166,Scarlett,female,6.12,7.92,6.70,5.60,8.62,6.95,Yes,,,,,,
167,Miles,male,8.85,7.34,5.17,7.98,6.30,8.76,Yes,,,,,,
168,Deborah,male,8.82,9.46,8.79,8.11,9.93,9.97,No,,,,,,
169,Lena,female,6.29,8.60,8.27,9.46,6.97,8.86,No,,,,,,
170,Oliver,female,5.58,5.08,8.58,8.05,8.17,8.05,No,,,,,,
171,Anya,female,8.75,6.03,6.14,6.44,5.29,8.03,No,,,,,,
172,Lily,female,6.85,7.99,9.90,8.75,8.67,8.21,No,,,,,,
173,Elena,male,5.29,6.66,5.64,8.47,5.77,7.99,Yes,,,,,,
174,Naomi,female,9.81,8.26,5.81,9.01,9.12,5.28,No,,,,,,
175,Lila,female,9.65,6.55,8.17,8.60,7.48,8.86,No,,,,,,
176,Francis,male,9.97,6.97,6.83,6.42,6.11,6.72,Yes,,,,,,
177,Justin,male,6.69,6.53,9.09,5.85,9.05,6.57,No,,,,,,
178,Amira,male,7.25,8.75,5.94,5.63,9.77,5.42,No,,,,,,
179,Kaia,male,7.78,9.08,6.47,8.65,9.86,7.74,No,,,,,,
180,Damien,female,9.49,8.11,8.09,5.00,5.39,6.14,No,,,,,,
181,Callan,male,6.53,7.45,9.85,5.12,8.73,9.71,Yes,,,,,,
182,Freya,female,9.63,5.23,6.71,9.10,5.28,9.13,Yes,,,,,,
183,Harper,female,5.81,9.48,8.33,6.28,6.89,9.84,Yes,,,,,,
184,Silas,male,9.20,6.46,9.87,8.28,5.78,5.91,Yes,,,,,,
185,Wesley,male,9.13,7.18,6.60,7.17,5.23,5.68,No,,,,,,
186,Jean,male,8.05,6.48,6.91,8.50,7.18,8.77,No,,,,,,
187,Lilah,female,9.74,5.42,9.22,8.13,9.92,6.27,No,,,,,,
188,Louise,male,6.68,10.00,7.87,5.67,9.83,8.48,Yes,,,,,,
189,Ariana,female,7.49,9.73,5.07,7.12,9.25,9.79,No,,,,,,
190,Enzo,female,5.37,8.78,8.56,6.73,5.53,5.92,No,,,,,,
191,Elodie,female,6.93,6.75,9.25,7.63,5.10,8.41,Yes,,,,,,
192,Beau,male,7.38,9.29,6.89,8.89,8.97,9.72,No,,,,,,
193,Ian,male,8.40,6.40,7.16,7.66,6.05,5.03,Yes,,,,,,
194,Tara,male,8.07,8.72,9.74,5.83,9.07,5.54,No,,,,,,
195,Sanjana,female,9.15,7.94,8.99,6.21,5.09,5.28,No,,,,,,
196,Lilith,male,6.55,9.50,6.01,6.05,8.71,9.97,Yes,,,,,,
197,Sadie,male,9.71,8.90,5.19,9.53,7.71,7.62,No,,,,,,
198,Joel,male,7.54,6.83,8.19,8.04,9.46,5.70,No,,,,,,
199,Otis,female,5.25,7.61,9.35,6.84,5.77,5.77,Yes,,,,,,
200,Lola,female,5.45,5.63,5.79,6.26,8.01,5.63,No,,,,,,
201,Jacqueline,male,8.89,9.43,5.43,6.42,5.01,8.34,No,,,,,,
202,Shelby,male,5.47,7.71,7.29,7.93,6.84,5.29,Yes,,,,,,
203,Aurelia,female,6.63,5.80,8.57,7.47,7.99,6.56,Yes,,,,,,
204,Harvey,male,8.73,5.55,9.73,6.98,6.66,5.30,No,,,,,,
205,Phoenix,female,9.44,9.18,9.83,5.96,9.51,5.80,No,,,,,,
206,Elsie,male,7.52,7.40,5.47,8.36,6.64,9.50,Yes,,,,,,
207,Adeline,male,6.81,6.02,8.65,7.13,7.00,5.77,No,,,,,,
208,Claudia,male,8.22,9.55,9.34,7.76,7.44,8.52,No,,,,,,
209,Hailey,male,8.00,5.34,5.43,8.22,5.67,6.87,No,,,,,,
210,Avi,male,8.51,8.03,7.08,7.78,8.48,8.75,Yes,,,,,,
211,Ethan,male,8.41,6.03,5.22,7.23,6.43,6.71,Yes,,,,,,
212,Ahmed,female,7.89,8.17,6.22,7.61,9.81,6.88,Yes,,,,,,
213,Elaine,female,8.10,6.41,5.41,6.64,8.92,8.44,No,,,,,,
214,Swayer,male,5.03,7.91,5.58,7.57,6.23,6.85,No,,,,,,
215,Jamie,female,6.46,5.06,7.50,5.58,7.45,5.72,Yes,,,,,,
216,Parker,female,7.91,8.29,9.23,7.00,9.70,6.17,Yes,,,,,,
217,Giselle,male,5.33,8.03,5.23,9.46,6.56,5.82,No,,,,,,
218,Mira,female,9.51,5.44,8.81,6.72,5.39,9.37,Yes,,,,,,
219,Lauren,male,8.42,6.71,6.86,8.77,5.00,9.29,No,,,,,,
220,Marley,male,7.23,6.88,8.51,5.44,9.59,8.24,Yes,,,,,,
221,Hadassah,female,6.93,8.38,8.39,6.50,9.57,7.20,Yes,,,,,,
222,Elijah,male,7.16,6.51,5.66,5.55,6.65,5.67,No,,,,,,
223,Vera,male,5.00,5.97,5.51,8.09,9.18,9.04,No,,,,,,
224,Gavin,female,7.81,6.38,7.08,8.58,6.92,6.69,No,,,,,,
225,Ali,male,8.78,9.75,5.71,7.76,7.94,7.69,No,,,,,,
226,Nyla,female,7.41,5.95,9.16,7.27,10.00,8.74,Yes,,,,,,
227,George,female,7.02,9.75,6.10,8.48,6.30,6.34,Yes,,,,,,
228,Abel,female,5.74,6.52,6.72,7.90,6.59,5.26,No,,,,,,
229,Serena,male,5.05,5.94,5.15,5.24,8.26,9.58,No,,,,,,
230,Kaiden,female,6.38,7.71,7.63,9.85,6.07,9.78,No,,,,,,
231,Eloise,female,8.69,7.23,6.75,6.61,7.22,8.29,Yes,,,,,,
232,Nevarh,female,5.83,5.46,5.02,9.91,8.13,6.35,No,,,,,,
233,Timothy,female,8.33,6.29,7.34,6.00,8.43,9.46,No,,,,,,
234,Faye,male,7.65,8.51,5.73,7.88,7.41,9.33,No,,,,,,
235,Colin,female,9.00,6.82,7.07,8.46,7.55,5.99,No,,,,,,
236,Callie,male,8.39,5.76,8.64,7.67,9.29,5.68,No,,,,,,
237,Nadia,female,5.48,9.56,8.32,5.95,7.92,5.71,No,,,,,,
238,Willow,male,7.50,6.10,7.36,7.75,7.95,8.77,No,,,,,,
239,Carter,male,8.48,5.65,5.88,8.87,9.00,6.40,Yes,,,,,,
240,Grayson,female,7.22,7.06,6.46,7.73,5.31,8.68,No,,,,,,
241,Cooper,male,7.05,6.63,9.75,5.67,8.54,5.66,Yes,,,,,,
242,Chase,female,5.85,8.79,7.45,7.09,7.50,7.53,Yes,,,,,,
243,Scott,male,7.66,8.07,5.34,6.12,6.22,6.11,Yes,,,,,,
244,Morgan,female,7.52,8.12,5.93,6.36,7.95,7.36,Yes,,,,,,
245,Kylie,male,9.10,9.22,9.91,6.03,7.87,6.23,Yes,,,,,,
246,Theodore,male,9.28,6.21,9.75,7.91,6.41,7.27,No,,,,,,
247,Irene,male,5.83,8.84,6.28,5.29,5.51,5.12,Yes,,,,,,
248,June,female,6.47,7.74,5.46,7.86,5.19,7.43,Yes,,,,,,
249,Norah,female,8.58,9.03,5.60,8.34,5.97,7.06,No,,,,,,
250,Lucy,female,5.25,5.19,7.91,9.87,7.30,8.60,No,,,,,,
251,Peter,female,6.27,7.02,7.96,8.70,6.28,9.44,Yes,,,,,,
252,Ellie,male,9.48,5.17,8.20,9.71,8.96,5.16,Yes,,,,,,
253,Giovanni,female,6.28,7.13,5.14,6.14,6.75,9.55,No,,,,,,
254,Brooks,female,7.54,5.82,8.19,8.68,5.78,6.12,Yes,,,,,,
255,Judah,female,9.90,5.26,9.41,5.49,7.16,6.56,No,,,,,,
256,Mara,female,7.92,7.46,5.25,9.28,7.35,5.88,No,,,,,,
257,Mackenzie,male,6.99,9.39,7.07,8.80,8.41,9.35,No,,,,,,
258,Lucas,male,5.34,8.37,6.81,6.22,9.52,9.65,No,,,,,,
259,Leila,male,6.55,5.99,7.93,8.08,9.66,9.80,Yes,,,,,,
260,Cleo,male,7.82,9.84,7.47,8.56,6.36,5.10,No,,,,,,
261,Benjamin,female,5.72,8.04,5.25,9.54,9.66,5.02,No,,,,,,
262,Jack,female,8.63,5.92,6.46,6.18,5.55,9.12,Yes,,,,,,
263,Max,female,8.61,9.08,7.84,8.41,6.03,8.80,No,,,,,,
264,Levi,male,8.40,7.95,7.53,8.42,7.53,5.48,No,,,,,,
265,Lilian,male,7.83,9.02,8.78,7.12,5.40,9.62,Yes,,,,,,
266,Josie,female,9.36,9.60,9.13,7.75,8.55,7.41,No,,,,,,
267,Arden,female,9.98,8.26,9.55,9.37,7.14,6.24,No,,,,,,
268,Brooke,male,8.90,6.01,9.72,5.77,5.52,9.23,Yes,,,,,,
269,Julia,female,8.98,7.43,5.94,9.15,6.41,6.33,No,,,,,,
270,Zuri,female,7.08,9.40,9.58,8.86,9.00,5.25,No,,,,,,
271,Blair,female,9.64,7.77,7.48,6.66,8.32,8.07,No,,,,,,
272,Alicia,male,7.82,9.94,6.05,5.80,9.24,6.32,Yes,,,,,,
273,Killian,female,8.14,5.69,6.38,5.67,8.21,9.27,Yes,,,,,,
274,Rayne,female,9.55,8.90,6.75,6.25,5.46,8.28,Yes,,,,,,
275,Zainab,female,8.87,7.07,8.66,7.32,7.65,6.79,Yes,,,,,,
276,Hallie,female,6.68,6.52,6.46,6.35,7.60,5.60,Yes,,,,,,
277,Tiffany,female,6.43,9.45,7.73,6.62,9.17,9.70,Yes,,,,,,
278,Lea,male,6.50,8.98,8.88,5.27,9.16,8.56,No,,,,,,
279,Henry,female,5.58,6.89,5.42,5.45,9.46,9.50,No,,,,,,
280,Katherine,male,8.24,5.75,8.52,8.71,9.15,9.31,No,,,,,,
281,Calvin,female,8.00,6.06,5.77,5.37,8.10,5.68,No,,,,,,
282,Elliott,female,7.34,6.85,7.82,8.54,7.34,9.92,Yes,,,,,,
283,Shia,male,8.08,5.75,9.31,7.33,5.99,6.04,Yes,,,,,,
284,Nola,female,7.50,8.80,9.06,7.47,8.33,9.62,Yes,,,,,,
285,Maisie,male,8.74,8.25,8.58,8.05,8.25,6.28,Yes,,,,,,
286,Nick,male,6.67,7.37,5.86,6.80,7.07,8.12,No,,,,,,
287,Stella,male,9.71,5.70,9.48,6.06,9.41,6.65,No,,,,,,
288,Kaira,female,6.74,9.80,7.96,9.87,5.28,8.77,No,,,,,,
289,Austin,male,6.25,5.44,8.49,8.47,5.56,7.20,Yes,,,,,,
290,Lia,female,6.65,6.92,9.37,6.74,7.81,5.26,Yes,,,,,,
291,Damian,male,9.92,6.33,7.71,9.50,5.20,9.77,Yes,,,,,,
292,Azriel,male,5.79,7.14,6.55,9.09,7.10,7.37,No,,,,,,
293,Jonah,male,5.23,7.30,9.74,7.10,5.39,6.61,Yes,,,,,,
294,Vanessa,female,8.44,7.49,9.73,6.42,5.93,6.51,Yes,,,,,,
295,Madeline,female,9.63,5.00,6.64,5.52,5.02,9.75,Yes,,,,,,
296,Adrian,female,8.94,8.53,9.07,9.46,9.75,6.25,No,,,,,,
297,Trisha,male,6.80,7.74,5.66,7.95,7.93,6.46,Yes,,,,,,
298,Felix,male,6.94,9.44,9.40,9.30,7.96,5.06,Yes,,,,,,
299,Ophelia,female,8.56,9.73,7.09,8.38,7.21,7.71,No,,,,,,
300,Helena,female,6.78,5.40,8.64,7.31,8.56,6.23,No,,,,,,
301,Caleb,male,9.16,8.52,9.45,8.25,8.76,7.86,No,,,,,,
302,Joyce,female,8.97,7.62,8.61,6.15,9.46,8.66,No,,,,,,
303,Ronan,female,5.04,5.58,5.26,9.52,7.82,5.57,No,,,,,,
304,Gigi,female,7.05,6.57,8.33,9.99,9.87,6.22,No,,,,,,
305,Colette,male,7.84,8.92,6.29,5.21,6.55,8.45,No,,,,,,
306,Patrick,male,5.15,7.13,9.27,9.37,5.62,7.40,No,,,,,,
307,Enoch,male,9.41,5.93,7.96,9.23,9.53,7.68,No,,,,,,
308,Ishaan,female,6.58,6.85,9.09,9.57,5.98,5.36,Yes,,,,,,
309,Niko,male,5.10,5.74,6.46,9.83,8.19,9.35,No,,,,,,
310,Beckett,male,6.20,9.58,8.06,7.13,8.99,9.27,Yes,,,,,,
311,Hazel,female,10.00,8.06,8.95,5.80,7.80,7.95,Yes,,,,,,
312,Ella,male,9.73,5.99,6.79,5.39,5.95,9.63,Yes,,,,,,
313,Emilia,male,8.87,8.99,5.44,5.23,7.78,6.10,No,,,,,,
314,Zayne,female,5.06,5.26,8.88,7.18,9.54,5.46,Yes,,,,,,
315,Cynthia,male,9.22,6.56,8.97,6.31,8.14,5.09,No,,,,,,
316,Ashton,female,7.99,7.80,6.75,7.90,7.86,7.72,Yes,,,,,,
317,Sylvia,female,7.42,7.26,7.70,5.63,8.68,9.12,No,,,,,,
318,Elizabeth,female,9.48,9.52,6.81,5.54,7.87,6.37,No,,,,,,
319,Sonny,male,6.75,5.68,8.35,9.66,5.67,9.00,Yes,,,,,,
320,Valentina,male,8.84,5.92,9.78,7.14,8.55,7.56,No,,,,,,
321,Rafael,male,8.69,6.72,9.39,5.92,5.62,5.51,No,,,,,,
322,Rylee,female,9.76,8.05,5.18,9.09,5.27,7.10,Yes,,,,,,
323,Aliza,female,5.44,7.33,5.49,9.90,8.53,6.10,No,,,,,,
324,Adira,male,6.01,7.15,5.44,9.60,6.61,7.51,Yes,,,,,,
325,Sana,female,6.07,7.02,7.43,9.65,6.04,7.66,No,,,,,,
326,Martin,male,9.83,7.40,5.88,7.37,9.52,8.30,No,,,,,,
327,Imani,male,6.00,7.74,5.99,6.48,5.11,6.48,No,,,,,,
328,Lorenzo,female,9.69,5.69,7.81,5.03,8.49,7.25,Yes,,,,,,
329,Leighton,female,7.69,5.05,7.08,8.69,5.15,7.18,Yes,,,,,,
330,Ayesha,female,8.23,8.01,9.01,8.87,9.70,7.22,Yes,,,,,,
331,Arianna,female,6.19,6.29,8.00,8.19,9.33,8.57,No,,,,,,
332,Lyra,male,5.98,9.94,7.61,8.68,5.94,6.38,Yes,,,,,,
333,Aman,female,9.34,9.76,7.47,9.89,8.98,7.69,Yes,,,,,,
334,Zainab,female,5.45,8.14,6.64,6.39,10.00,9.66,No,,,,,,
335,Jackson,male,9.66,6.70,7.23,8.12,5.03,7.39,Yes,,,,,,
336,Leia,female,5.78,5.60,9.10,8.29,8.13,8.17,Yes,,,,,,
337,Nancy,female,7.05,7.69,6.77,6.25,7.51,8.20,Yes,,,,,,
338,Amos,male,8.19,5.36,5.98,8.06,5.72,9.13,Yes,,,,,,
339,Sierra,male,8.38,9.60,7.05,7.32,6.73,6.96,No,,,,,,
340,Alora,female,9.93,8.41,7.81,9.70,9.15,9.99,No,,,,,,
341,Remy,female,5.49,8.24,6.29,8.70,7.42,8.13,Yes,,,,,,
342,Miriam,female,6.46,6.49,9.22,6.78,8.68,5.30,Yes,,,,,,
343,Jace,female,6.53,6.61,5.82,5.04,7.45,9.14,No,,,,,,
344,Tessa,male,5.01,5.25,9.58,5.40,9.03,7.60,No,,,,,,
345,Jason,female,6.33,7.98,8.13,5.94,6.81,7.10,No,,,,,,
346,Jayce,female,5.06,8.93,9.56,9.09,7.45,7.86,Yes,,,,,,
347,Ryan,male,5.98,9.02,8.86,9.79,5.84,5.12,Yes,,,,,,
348,Shane,female,7.28,7.15,6.35,5.08,9.32,6.67,No,,,,,,
349,Darcy,male,6.30,5.91,8.36,6.98,9.11,7.11,Yes,,,,,,
350,Eleanor,male,9.81,9.88,8.16,9.83,9.70,9.37,Yes,,,,,,
351,Harry,male,7.44,8.52,7.28,5.17,5.32,9.09,No,,,,,,
352,Micah,male,5.67,6.53,6.45,6.39,9.61,6.07,Yes,,,,,,
353,Noelle,male,9.51,7.41,6.92,5.44,8.41,7.57,No,,,,,,
354,Colton,female,8.64,7.86,6.59,9.58,8.57,6.83,No,,,,,,
355,Sophie,male,7.09,5.86,8.39,5.51,6.40,6.19,No,,,,,,
356,Priya,male,6.56,6.80,5.09,9.79,6.44,7.26,No,,,,,,
357,Anne,male,5.64,8.91,5.76,7.98,7.37,9.31,Yes,,,,,,
358,Pia,male,7.12,7.68,5.77,5.67,8.58,5.51,No,,,,,,
359,Devin,male,6.26,8.72,6.22,8.98,6.49,8.39,No,,,,,,
360,Owen,male,9.56,8.95,5.69,8.72,7.25,6.50,Yes,,,,,,
361,Tina,male,8.67,8.84,6.51,6.22,5.24,8.54,No,,,,,,
362,Sunny,female,5.57,6.75,5.07,9.10,6.70,5.63,No,,,,,,
363,Lucian,female,8.18,7.79,6.71,5.55,5.23,9.31,Yes,,,,,,
364,Sophia,female,9.71,9.80,7.82,7.12,7.08,9.01,Yes,,,,,,
365,Graham,female,7.37,9.59,9.56,9.81,6.99,9.21,Yes,,,,,,
366,Soren,female,6.68,8.23,6.78,8.18,6.30,7.41,No,,,,,,
367,Heather,male,5.57,5.49,5.21,5.81,7.41,6.54,Yes,,,,,,
368,Camilla,female,9.91,6.66,5.35,7.49,8.45,7.05,Yes,,,,,,
369,Artemis,male,9.77,5.87,6.10,7.89,9.71,6.53,Yes,,,,,,
370,Ana,male,5.68,7.69,7.91,9.57,9.57,6.03,No,,,,,,
371,Piper,female,6.42,7.41,8.63,6.50,8.28,6.20,No,,,,,,
372,May,female,6.85,7.64,5.74,5.85,7.81,5.22,No,,,,,,
373,Alexander,male,5.94,7.86,7.22,8.29,6.57,5.06,Yes,,,,,,
374,Maya,female,9.26,7.70,6.25,8.04,6.95,9.62,No,,,,,,
375,Salem,male,7.84,7.04,5.45,9.56,9.37,7.44,No,,,,,,
376,Ryder,male,8.18,7.85,8.04,9.65,9.52,6.59,Yes,,,,,,
377,Liana,female,9.05,9.31,6.37,6.84,7.45,6.25,Yes,,,,,,
378,Eden,female,8.51,7.92,5.71,5.35,9.13,9.85,No,,,,,,
379,Caroline,male,5.79,6.76,8.77,9.89,8.83,7.86,Yes,,,,,,
380,Aliyah,male,7.23,8.21,8.18,8.04,7.09,5.68,No,,,,,,
381,Maria,female,6.99,7.51,5.31,5.31,7.25,5.47,No,,,,,,
382,Patricia,female,5.52,5.43,6.83,8.64,8.41,5.49,Yes,,,,,,
383,Adriel,male,6.72,9.66,6.53,7.26,9.88,7.90,Yes,,,,,,
384,Sydney,female,5.68,5.43,8.68,9.83,8.07,7.48,Yes,,,,,,
385,Rayna,female,6.42,7.70,6.26,5.69,7.72,5.31,No,,,,,,
386,Danielle,female,6.99,8.51,7.25,8.07,7.24,9.53,No,,,,,,
387,Hafsa,male,6.34,8.23,7.05,6.38,8.09,5.62,No,,,,,,
388,Seraphina,male,8.66,8.23,7.17,8.32,9.96,6.08,No,,,,,,
389,Juno,male,5.23,5.05,9.18,6.58,8.00,7.66,No,,,,,,
390,Richard,female,6.73,6.90,9.24,8.26,9.70,6.77,Yes,,,,,,
391,Angela,female,7.86,9.96,7.67,5.43,7.01,7.93,No,,,,,,
392,Athena,female,6.75,9.37,6.54,8.28,7.59,7.48,No,,,,,,
393,Mariam,female,7.35,9.65,7.95,6.51,6.48,8.03,No,,,,,,
394,Keira,male,8.08,8.55,9.23,5.82,6.00,8.08,Yes,,,,,,
395,Xander,male,5.71,9.79,5.96,9.92,9.45,6.52,Yes,,,,,,
396,William,male,5.44,7.40,5.48,6.81,9.66,8.96,Yes,,,,,,
397,Willa,female,6.19,5.62,6.77,6.03,7.12,7.35,No,,,,,,
398,Zaid,male,8.91,8.99,8.80,7.81,8.80,5.48,No,,,,,,
399,Logan,male,6.85,9.60,7.05,6.41,9.73,6.35,No,,,,,,
400,Sloane,male,8.50,5.38,6.57,6.85,7.92,5.73,Yes,,,,,,
401,Harley,male,6.63,7.42,7.85,8.86,5.40,9.33,Yes,,,,,,
402,August,female,6.41,7.20,7.94,6.22,7.92,9.63,Yes,,,,,,
403,Stephen,male,8.90,7.63,6.11,7.10,5.08,8.58,Yes,,,,,,
404,Catherine,male,5.43,7.50,9.27,6.83,8.09,7.12,Yes,,,,,,
405,Priscilla,female,5.87,6.11,6.32,7.05,7.56,7.99,Yes,,,,,,
406,Ember,male,9.42,7.50,9.21,5.09,8.75,9.60,No,,,,,,
407,Clara,male,8.63,5.43,5.11,5.99,5.35,5.49,Yes,,,,,,
408,Rosie,male,8.27,5.79,5.80,5.43,9.53,5.04,Yes,,,,,,
409,Rocco,female,5.04,5.82,9.41,8.36,7.62,9.72,Yes,,,,,,
410,Dior,female,9.57,9.84,9.33,8.98,5.95,7.18,Yes,,,,,,
411,Nala,female,9.45,7.56,6.22,7.89,5.35,5.63,Yes,,,,,,
412,Octavia,male,5.20,8.53,7.57,6.78,6.10,7.86,No,,,,,,
413,Nikita,male,7.09,8.25,5.87,8.34,8.07,6.23,No,,,,,,
414,Rose,female,7.76,9.18,5.73,6.58,5.01,9.84,Yes,,,,,,
415,Roman,female,9.41,7.14,8.42,7.78,5.26,6.61,Yes,,,,,,
416,Fatima,female,5.88,7.08,7.62,8.27,8.03,8.88,No,,,,,,
417,Oakley,male,8.34,6.30,5.14,8.82,9.29,8.94,No,,,,,,
418,Seth,male,6.86,9.10,6.89,7.42,6.99,6.81,No,,,,,,
419,Jordan,male,9.77,5.78,5.75,5.92,5.15,9.58,Yes,,,,,,
420,Nellie,male,5.39,7.02,5.26,9.13,6.61,6.12,No,,,,,,
421,Elia,female,5.20,8.13,6.87,7.98,7.07,9.30,No,,,,,,
422,Zia,male,7.02,7.86,7.04,8.36,9.97,9.77,Yes,,,,,,
423,Helen,female,9.05,8.79,9.01,7.09,9.12,7.34,No,,,,,,
424,Amina,female,6.87,6.01,7.04,7.67,8.84,9.04,Yes,,,,,,
425,Audrey,female,5.02,5.31,8.42,7.76,6.93,6.57,No,,,,,,
426,Callum,female,8.08,7.25,6.82,9.12,9.17,5.64,No,,,,,,
427,Taylor,female,6.87,9.91,9.36,5.24,8.81,9.90,Yes,,,,,,
428,Amai,female,9.89,6.51,8.05,6.45,9.75,9.79,Yes,,,,,,
429,Adaline,male,6.82,6.36,8.35,8.64,6.90,6.15,Yes,,,,,,
430,Michael,male,9.55,5.24,7.50,8.91,9.85,6.98,Yes,,,,,,
431,Talia,male,7.83,7.59,6.63,7.83,9.92,9.91,No,,,,,,
432,Amelie,female,6.22,6.82,9.52,7.27,7.35,6.21,Yes,,,,,,
433,Aleena,male,5.53,5.06,6.68,8.47,5.41,7.20,Yes,,,,,,
434,Simone,female,5.17,6.00,7.96,9.37,5.37,7.52,Yes,,,,,,
435,Amyra,male,9.86,8.28,5.41,8.74,5.95,8.82,No,,,,,,
436,Emmanuel,female,9.09,5.25,5.83,5.67,7.06,6.76,No,,,,,,
437,Dennis,female,8.80,8.38,6.46,8.28,8.26,7.37,Yes,,,,,,
438,Zoya,female,7.85,5.53,5.69,5.59,9.16,5.15,No,,,,,,
439,Jake,male,8.72,8.73,8.46,5.65,9.92,9.56,Yes,,,,,,
440,Winston,female,7.61,9.69,8.74,5.32,6.46,8.92,Yes,,,,,,
441,Alaia,male,8.37,5.07,5.30,7.93,8.12,7.50,No,,,,,,
442,Josephine,female,5.49,9.04,7.90,5.02,9.36,6.26,Yes,,,,,,
443,Layla,female,7.58,10.00,8.73,9.63,9.23,8.48,Yes,,,,,,
444,Adaline,male,5.73,5.71,6.15,9.39,7.06,7.56,No,,,,,,
445,Mona,male,9.94,8.40,8.99,7.28,5.78,5.79,Yes,,,,,,
446,Lorelei,female,9.76,5.95,8.01,9.52,6.25,7.04,No,,,,,,
447,Kali,female,5.80,9.45,7.31,9.58,9.97,6.73,No,,,,,,
448,Joaquin,female,9.05,9.72,8.27,5.07,8.83,9.79,Yes,,,,,,
449,Apollo,male,5.97,5.46,9.19,8.02,6.72,9.24,Yes,,,,,,
450,Cole,female,5.38,8.29,9.40,8.79,5.83,6.69,Yes,,,,,,
451,Rylan,female,8.94,5.92,6.10,9.91,6.36,8.53,No,,,,,,
452,Emily,female,9.66,5.11,6.97,7.69,6.13,9.20,Yes,,,,,,
453,Bryce,female,7.96,6.41,8.34,8.51,9.47,5.29,No,,,,,,
454,Teddy,male,7.70,9.96,7.12,6.45,6.72,5.12,Yes,,,,,,
455,Cillian,female,8.02,6.21,7.34,8.52,9.76,9.38,Yes,,,,,,
456,Makayla,male,8.86,8.80,6.96,7.12,7.58,6.81,No,,,,,,
457,Rio,female,9.31,5.92,9.70,7.06,5.67,6.55,Yes,,,,,,
458,Ynonne,male,5.29,9.78,6.32,6.46,5.87,8.59,Yes,,,,,,
459,Christine,male,9.27,5.81,5.52,5.49,8.99,5.17,No,,,,,,
460,Genevieve,male,8.25,5.48,6.16,6.49,9.48,5.81,Yes,,,,,,
461,Sandra,female,7.66,5.76,5.40,8.76,6.49,6.04,Yes,,,,,,
462,Esther,female,9.22,7.69,9.33,8.72,6.68,7.02,Yes,,,,,,
463,Pamela,male,6.96,5.93,9.18,7.79,9.98,6.19,Yes,,,,,,
464,Malia,female,8.15,7.01,8.93,9.01,8.95,7.73,Yes,,,,,,
465,Maia,female,8.29,9.13,5.63,9.29,6.10,6.22,No,,,,,,
466,Lexi,male,6.21,6.89,8.08,9.92,5.16,5.39,No,,,,,,
467,Briar,female,6.50,7.15,8.24,8.08,6.78,9.36,Yes,,,,,,
468,Santiago,male,5.76,5.94,5.45,8.57,7.40,7.95,Yes,,,,,,
469,Ryker,female,9.17,8.14,6.09,6.58,7.02,6.00,Yes,,,,,,
470,Gracie,male,5.57,6.15,9.01,9.05,8.94,9.76,No,,,,,,
471,Tamara,male,8.69,8.59,8.69,8.38,6.09,8.21,Yes,,,,,,
472,Omar,female,6.49,5.33,9.40,6.96,9.56,7.26,Yes,,,,,,
473,Penny,male,5.92,8.38,6.83,5.62,6.49,8.75,No,,,,,,
474,Alison,male,5.55,5.22,6.17,7.92,5.31,7.13,No,,,,,,
475,Cayden,female,8.45,9.04,8.48,6.50,5.43,8.88,Yes,,,,,,
476,Jedidiah,female,5.76,9.18,10.00,9.97,5.49,7.90,Yes,,,,,,
477,Travis,female,9.27,6.81,6.25,9.25,8.69,9.89,No,,,,,,
478,Gia,female,6.69,5.53,8.44,9.25,8.70,6.05,No,,,,,,
479,Cali,male,5.95,8.58,9.05,7.91,8.37,6.45,No,,,,,,
480,Kalani,female,5.32,7.29,6.69,9.20,7.19,9.00,Yes,,,,,,
481,Peyton,female,6.21,9.22,7.72,7.53,9.01,7.31,Yes,,,,,,
482,Amal,male,9.82,8.81,9.90,7.07,9.00,7.82,Yes,,,,,,
483,Cameron,female,9.83,8.64,8.24,9.70,5.74,6.88,Yes,,,,,,
484,Kate,male,6.27,5.26,8.67,6.09,5.95,9.79,No,,,,,,
485,Poppy,male,7.56,8.12,9.39,6.87,9.30,9.49,Yes,,,,,,
486,Asha,female,9.42,8.27,9.62,7.66,6.98,9.91,No,,,,,,
487,Agastya,male,5.70,9.83,5.61,5.48,5.34,9.46,No,,,,,,
488,Kaden,female,6.77,6.43,6.10,9.14,6.79,8.85,Yes,,,,,,
489,Kyrie,female,7.46,5.02,9.33,9.12,6.06,7.60,Yes,,,,,,
490,Ares,female,7.68,6.43,7.10,6.76,9.93,6.89,Yes,,,,,,
491,Samara,female,7.18,7.14,5.37,8.86,8.04,8.67,No,,,,,,
492,Raiden,female,7.94,8.18,7.91,7.40,8.54,8.99,Yes,,,,,,
493,Eva,female,6.18,5.05,6.84,7.17,6.93,8.53,No,,,,,,
494,Kira,female,9.17,8.36,5.87,8.05,5.98,9.48,Yes,,,,,,
495,Claire,female,7.33,8.14,9.97,6.55,6.45,9.15,No,,,,,,
496,Ariel,female,6.60,6.43,9.85,8.03,6.14,9.99,Yes,,,,,,
497,Tristan,male,8.86,8.23,7.41,5.64,8.53,6.32,No,,,,,,
498,Alexis,female,9.80,7.46,5.41,8.60,9.86,6.22,Yes,,,,,,
499,Teagan,male,6.29,7.12,7.30,9.33,7.14,8.95,Yes,,,,,,
500,Paige,female,6.66,7.24,6.44,6.79,7.82,9.60,Yes,,,,,,
501,Mayra,male,8.56,7.14,9.74,6.45,5.01,9.59,No,,,,,,
502,Keith,male,7.07,8.46,8.03,9.62,8.43,9.25,Yes,,,,,,
503,Mabel,male,9.45,8.10,9.89,7.83,9.63,6.91,No,,,,,,
504,Lana,male,6.32,5.11,9.35,5.78,5.61,8.94,Yes,,,,,,
505,Celine,female,5.00,9.91,5.20,6.14,6.07,8.56,No,,,,,,
506,Yahya,male,8.35,9.77,8.71,7.96,6.10,9.60,No,,,,,,
507,Robin,female,6.61,9.27,5.16,9.07,6.78,7.05,Yes,,,,,,
508,Danielle,female,7.47,6.17,7.03,6.35,8.02,6.63,Yes,,,,,,
509,Reece,male,7.96,5.93,7.11,8.01,8.60,9.24,Yes,,,,,,
510,Margaret,male,9.26,9.31,6.60,7.35,8.48,9.30,No,,,,,,
511,Rian,female,8.99,5.89,9.49,8.21,9.19,6.30,No,,,,,,
512,Cyrus,female,7.99,8.76,8.40,5.77,7.50,5.72,Yes,,,,,,
513,Naya,female,7.46,7.41,8.34,9.54,8.01,6.92,No,,,,,,
514,Amber,male,9.32,7.88,7.22,8.43,6.83,6.75,No,,,,,,
515,Kara,female,5.85,9.91,6.24,5.34,7.26,7.20,No,,,,,,
516,Emmett,male,6.69,6.12,6.78,6.18,9.54,8.13,Yes,,,,,,
517,Bella,male,7.51,5.72,5.70,5.77,9.37,9.70,No,,,,,,
518,Analise,female,5.83,5.44,6.78,7.95,5.29,7.64,Yes,,,,,,
519,Chloe,female,8.05,5.79,8.09,8.21,5.24,6.73,No,,,,,,
520,Brayden,female,6.73,6.42,5.74,7.07,6.41,9.57,Yes,,,,,,
521,Zane,male,6.49,9.19,6.67,8.24,8.31,6.91,Yes,,,,,,
522,Martha,female,9.56,7.33,8.02,6.38,7.42,8.91,Yes,,,,,,
523,Spencer,male,6.49,8.85,5.10,8.92,9.23,9.31,No,,,,,,
524,Kinsley,male,8.28,5.27,9.24,8.39,8.76,5.29,No,,,,,,
525,Sarah,female,7.56,9.22,5.39,7.99,8.55,7.08,Yes,,,,,,
526,Hermione,male,8.85,7.23,5.35,8.86,5.15,5.90,Yes,,,,,,
527,Juliana,male,6.04,8.13,6.20,8.66,5.17,5.26,No,,,,,,
528,Sutton,male,9.92,8.11,7.74,8.80,9.65,8.77,Yes,,,,,,
529,Andre,female,6.51,5.68,5.70,7.37,7.74,9.99,No,,,,,,
530,Declan,male,7.88,5.60,7.84,8.91,7.71,9.68,No,,,,,,
531,Wendy,male,5.50,8.67,5.61,5.95,8.35,8.57,No,,,,,,
532,Davina,male,6.59,6.84,5.05,8.96,9.53,6.01,Yes,,,,,,
533,Hunter,male,6.04,8.91,7.62,9.67,9.66,5.75,No,,,,,,
534,Paul,male,8.46,8.60,6.92,9.21,8.31,7.50,Yes,,,,,,
535,Kendall,female,9.65,9.59,5.85,9.23,8.16,7.36,No,,,,,,
536,Annie,female,9.04,5.88,7.90,9.51,5.01,8.86,No,,,,,,
537,Ximena,male,8.72,6.12,8.95,6.79,9.10,9.27,No,,,,,,
538,Zara,female,5.96,8.29,8.88,5.27,6.00,5.23,No,,,,,,
539,Maximus,female,9.34,6.02,9.81,8.97,8.62,9.50,Yes,,,,,,
540,Holly,male,5.88,5.45,7.05,7.26,6.57,7.44,No,,,,,,
541,Rey,female,8.60,9.43,8.06,6.20,7.26,9.68,No,,,,,,
542,Lottie,female,6.60,7.01,6.12,5.04,5.57,7.71,Yes,,,,,,
543,Malcolm,male,6.13,5.05,7.91,7.06,9.39,8.21,Yes,,,,,,
544,Archer,female,6.82,6.34,9.03,5.23,6.92,9.79,No,,,,,,
545,Anna,male,5.58,8.29,8.80,9.13,9.42,8.35,Yes,,,,,,
546,Daisy,female,9.09,8.31,6.08,8.16,7.73,8.83,Yes,,,,,,
547,Lee,female,5.94,8.69,8.60,6.51,7.59,8.77,Yes,,,,,,
548,Linda,female,5.15,5.71,6.70,6.93,5.78,6.50,No,,,,,,
549,Idris,female,9.40,6.09,6.59,6.85,8.69,6.75,No,,,,,,
550,Sebastian,male,6.95,9.50,8.63,7.71,6.43,6.95,Yes,,,,,,
551,Fallon,female,5.47,8.80,6.72,7.27,9.76,7.36,Yes,,,,,,
552,Shay,female,9.23,6.08,7.32,6.42,6.31,8.02,No,,,,,,
553,Siobhan,male,7.99,6.26,5.86,8.22,9.55,8.81,Yes,,,,,,
554,Cora,female,8.72,9.47,8.35,7.98,5.91,8.94,Yes,,,,,,
555,Hadley,female,7.92,7.45,9.80,6.37,5.07,6.34,Yes,,,,,,
556,Jenna,male,5.24,8.21,8.65,7.59,5.36,9.79,Yes,,,,,,
557,Dakota,female,5.49,5.66,6.52,5.29,8.61,7.41,Yes,,,,,,
558,Isa,male,7.05,8.99,7.86,7.79,7.02,5.79,No,,,,,,
559,Sanjay,male,6.44,7.16,9.91,5.71,7.40,9.78,Yes,,,,,,
560,Michelle,female,9.19,5.47,5.73,9.71,5.70,8.07,Yes,,,,,,
561,Keanu,male,8.51,9.68,6.59,7.23,7.36,5.56,Yes,,,,,,
562,Azalea,male,6.05,6.34,8.42,5.00,7.22,6.79,No,,,,,,
563,Rita,female,9.19,8.54,7.55,6.33,7.69,5.58,No,,,,,,
564,Joan,female,7.16,9.84,9.70,5.69,6.52,9.50,No,,,,,,
565,John,female,6.46,6.92,7.84,5.85,7.85,5.19,Yes,,,,,,
566,Misha,female,8.62,5.29,7.99,8.59,7.35,7.53,No,,,,,,
567,Serafina,female,6.11,6.34,5.24,8.74,9.98,9.68,No,,,,,,
568,Alayna,female,6.94,8.93,8.42,7.33,6.43,9.13,No,,,,,,
569,Elina,male,7.27,8.33,8.47,7.59,9.05,5.21,Yes,,,,,,
570,Julian,female,7.99,8.59,9.73,7.07,5.73,7.41,Yes,,,,,,
571,Quincy,male,6.43,9.45,6.03,8.21,5.49,8.93,Yes,,,,,,
572,Stanley,male,6.55,9.64,8.98,9.77,8.90,8.29,No,,,,,,
573,Ayden,female,6.59,8.24,5.80,6.98,8.44,7.98,Yes,,,,,,
574,Penelope,female,5.47,8.43,8.07,5.89,9.37,9.34,No,,,,,,
575,Emory,female,8.31,5.52,8.73,6.25,6.42,8.16,No,,,,,,
576,Dylan,male,6.84,8.52,8.82,5.87,9.94,6.80,Yes,,,,,,
577,Amora,female,8.46,5.60,6.16,8.22,9.23,9.76,No,,,,,,
578,Adonis,female,7.41,6.91,8.97,8.95,7.27,7.71,No,,,,,,
579,Thalia,female,6.62,9.60,8.35,5.01,7.50,7.20,Yes,,,,,,
580,Winifred,female,5.91,8.10,7.26,8.41,8.00,8.64,Yes,,,,,,
581,Kaya,female,7.87,9.58,7.07,9.66,8.15,6.99,No,,,,,,
582,Winnie,male,9.60,8.61,7.19,8.27,7.51,9.55,No,,,,,,
583,Amyra,female,9.29,8.56,8.42,6.02,5.87,7.66,No,,,,,,
584,Selah,male,6.85,8.85,7.19,7.44,9.69,9.07,No,,,,,,
585,Melvin,male,6.05,8.19,7.12,9.89,9.40,8.47,Yes,,,,,,
586,Carson,male,7.86,8.22,9.40,6.35,7.24,5.95,Yes,,,,,,
587,Preston,female,5.82,5.26,9.44,5.85,9.26,5.30,No,,,,,,
588,Xena,female,7.93,6.61,9.82,7.63,9.79,5.53,Yes,,,,,,
589,Mikayla,male,7.03,9.77,7.77,7.07,9.83,8.50,No,,,,,,
590,Tallulah,female,5.56,5.79,8.55,8.68,7.12,8.83,No,,,,,,
591,David,male,6.69,8.25,8.15,9.06,5.09,9.37,No,,,,,,
592,Keziah,female,6.15,8.51,6.30,6.87,6.78,7.15,Yes,,,,,,
593,Amaris,male,7.75,8.06,8.62,8.41,9.95,7.12,Yes,,,,,,
594,Kenji,female,5.38,8.76,9.70,5.82,5.96,5.58,No,,,,,,
595,Iris,female,5.16,8.59,8.69,6.01,7.29,9.33,Yes,,,,,,
596,Azrael,male,9.06,6.09,5.73,9.43,7.95,9.73,No,,,,,,
597,Juliet,male,8.50,9.47,6.77,9.35,8.74,6.50,No,,,,,,
598,Nila,female,5.15,8.75,8.37,6.14,6.77,6.73,Yes,,,,,,
599,Fahad,female,7.24,7.44,9.21,9.34,7.45,5.37,Yes,,,,,,
600,Karina,male,8.14,5.31,7.12,7.91,9.11,9.83,Yes,,,,,,
601,Darren,female,8.50,7.78,9.61,8.63,5.79,8.50,Yes,,,,,,
602,Imogen,male,7.67,8.15,7.99,5.76,7.11,7.81,Yes,,,,,,
603,Laila,female,9.32,5.76,6.52,7.93,5.89,5.69,Yes,,,,,,
604,Cedric,male,7.46,6.26,7.45,8.53,6.54,7.12,Yes,,,,,,
605,Elisha,male,8.07,8.90,9.98,9.04,8.45,7.32,Yes,,,,,,
606,Aspen,female,5.29,5.10,5.01,7.80,6.29,9.45,Yes,,,,,,
607,Tatiana,male,9.21,6.83,6.04,5.80,7.34,6.42,Yes,,,,,,
608,Maxwell,male,7.17,6.47,7.19,5.78,7.92,6.61,Yes,,,,,,
609,Jett,female,5.85,9.70,6.78,8.77,6.37,6.57,No,,,,,,
610,Eve,male,9.65,7.69,9.54,9.07,5.55,9.57,No,,,,,,
611,Anthony,female,8.61,5.38,7.61,5.59,7.79,9.19,Yes,,,,,,
612,Camden,female,8.49,5.76,6.45,8.79,8.09,7.03,No,,,,,,
613,Melissa,female,8.18,7.02,5.55,9.71,7.19,5.24,Yes,,,,,,
614,Hannah,female,8.76,5.59,6.82,7.72,8.39,8.41,No,,,,,,
615,Yana,female,9.31,6.73,8.97,7.67,7.52,5.00,Yes,,,,,,
616,Abigail,male,6.52,7.05,8.22,9.97,6.04,8.66,No,,,,,,
617,Elyse,male,8.06,6.56,5.22,8.51,6.66,5.53,No,,,,,,
618,Jacob,male,5.16,5.58,6.67,6.06,7.16,5.52,Yes,,,,,,
619,Grant,male,8.48,9.06,5.64,5.27,8.25,6.43,Yes,,,,,,
620,Mason,male,8.75,5.60,8.21,5.55,5.11,9.21,Yes,,,,,,
621,Braxton,male,8.59,8.00,5.05,9.24,5.01,9.44,No,,,,,,
622,Kaylee,male,8.31,5.34,9.04,9.47,5.28,9.18,Yes,,,,,,
623,Jericho,female,9.06,7.48,6.17,5.77,5.74,6.59,Yes,,,,,,
624,Alani,male,8.95,6.17,5.20,8.91,7.02,8.64,No,,,,,,
625,Madison,male,6.75,6.52,5.72,6.44,5.86,5.03,Yes,,,,,,
626,Greta,female,9.63,9.69,8.17,7.26,6.70,8.39,Yes,,,,,,
627,Dean,female,7.76,6.49,8.75,9.55,7.17,7.22,No,,,,,,
628,Cassidy,female,7.02,8.69,8.68,9.92,7.53,8.03,Yes,,,,,,
629,Allison,female,8.93,8.01,9.91,8.92,7.32,7.94,No,,,,,,
630,Collin,female,9.68,9.06,6.48,9.76,8.26,9.02,No,,,,,,
631,Romy,male,5.13,7.24,7.07,7.82,7.52,7.46,No,,,,,,
632,Anisha,male,5.60,8.21,6.54,5.17,5.91,8.28,No,,,,,,
633,Raina,female,8.81,7.67,9.66,7.50,5.88,8.50,No,,,,,,
634,Kimberly,male,5.02,8.77,5.94,8.05,5.41,7.14,No,,,,,,
635,Nathan,male,5.80,5.52,9.18,7.09,5.34,6.21,Yes,,,,,,
636,Payton,female,6.92,7.71,5.47,6.52,5.72,6.48,Yes,,,,,,
637,Brody,female,9.29,6.49,6.19,8.15,8.07,5.39,No,,,,,,
638,Ellen,male,9.55,8.87,8.03,6.62,6.76,6.90,Yes,,,,,,
639,Jensen,male,9.56,8.79,6.40,8.55,7.85,7.46,Yes,,,,,,
640,Reyna,male,8.79,9.04,5.10,5.12,5.27,8.22,Yes,,,,,,
641,Elon,male,8.17,8.13,9.07,7.29,6.01,9.57,Yes,,,,,,
642,Soraya,female,8.73,7.30,5.45,7.64,5.39,9.19,Yes,,,,,,
643,Sonia,female,7.48,6.14,8.96,6.98,8.01,9.38,Yes,,,,,,
644,Anastasia,female,5.78,5.14,9.60,5.62,8.24,6.19,No,,,,,,
645,Ayana,female,7.90,5.09,9.84,9.60,5.71,9.74,No,,,,,,
646,Leigh,male,6.75,6.71,5.12,5.32,6.47,7.80,No,,,,,,
647,Callen,female,8.34,9.25,5.79,8.05,8.14,7.14,No,,,,,,
648,Rhiannon,female,9.04,9.09,9.58,6.21,7.11,5.02,No,,,,,,
649,Mimi,male,7.12,9.45,7.37,5.26,7.78,8.53,No,,,,,,
650,Albert,male,6.55,9.71,5.68,5.68,6.27,7.34,Yes,,,,,,
651,Kiran,male,8.16,7.53,7.20,7.76,8.64,6.14,No,,,,,,
652,Elian,female,8.74,7.18,5.82,5.31,6.27,9.02,No,,,,,,
653,Presley,male,6.57,6.09,7.53,8.31,6.15,8.97,Yes,,,,,,
654,Weston,male,7.82,5.37,7.24,9.95,5.94,5.09,Yes,,,,,,
655,Emelia,female,8.57,8.41,6.35,8.61,6.95,8.32,No,,,,,,
656,Collins,male,8.83,8.45,5.38,8.33,7.48,6.78,Yes,,,,,,
657,Marion,male,7.04,8.13,7.27,7.42,5.53,8.05,Yes,,,,,,
658,Laurel,female,8.29,7.41,7.99,7.35,8.31,8.25,No,,,,,,
659,Milan,male,5.34,5.59,7.82,6.00,7.75,5.18,Yes,,,,,,
660,Thomas,male,9.24,6.89,8.37,5.23,8.89,8.19,Yes,,,,,,
661,Erica,female,9.19,5.53,9.85,8.73,5.33,6.86,No,,,,,,
662,Wilder,female,8.93,8.34,5.11,6.20,7.05,5.88,No,,,,,,
663,Reuben,female,5.23,5.82,5.54,8.76,5.84,7.76,Yes,,,,,,
664,Louis,male,6.90,8.01,7.88,9.87,9.43,8.30,No,,,,,,
665,Nicholas,male,8.71,9.59,5.59,7.17,9.85,7.30,Yes,,,,,,
666,Sofia,male,7.52,8.36,6.61,7.27,9.03,8.28,No,,,,,,
667,Matteo,female,5.76,8.28,6.07,6.93,7.60,7.18,No,,,,,,
668,Elliana,male,9.13,8.09,5.39,5.29,5.21,5.55,No,,,,,,
669,Celeste,male,5.49,9.37,7.61,9.20,9.78,9.96,Yes,,,,,,
670,Sarai,female,5.34,9.84,5.84,5.97,7.33,9.45,No,,,,,,
671,Hana,male,7.56,9.31,8.74,5.04,5.89,6.78,Yes,,,,,,
672,Lainey,female,8.45,7.87,5.19,8.74,9.22,7.80,No,,,,,,
673,Myles,male,9.64,8.05,6.83,9.50,9.03,7.58,No,,,,,,
674,Andrew,male,8.27,7.28,8.70,7.95,8.57,8.07,No,,,,,,
675,Israel,male,9.63,9.79,5.95,5.96,7.81,6.91,No,,,,,,
676,Bennett,female,6.71,5.86,8.44,8.99,7.65,9.14,Yes,,,,,,
677,Maren,male,6.25,6.02,7.94,5.13,9.52,6.85,No,,,,,,
678,Pooja,male,7.80,8.21,7.39,6.90,7.67,8.34,No,,,,,,
679,Oscar,female,6.72,6.20,8.29,8.72,5.79,9.90,Yes,,,,,,
680,Lydia,male,6.35,9.71,8.59,7.46,6.62,5.11,Yes,,,,,,
681,Zephyr,male,6.33,7.74,7.95,6.94,6.19,9.96,No,,,,,,
682,Cruz,male,8.05,5.06,6.84,7.60,8.92,6.34,No,,,,,,
683,Alan,female,8.64,8.67,5.09,6.98,7.08,9.64,No,,,,,,
684,Dillon,male,8.46,6.00,6.21,7.31,8.51,7.56,No,,,,,,
685,Zaria,female,7.12,6.73,5.22,8.65,6.24,9.46,Yes,,,,,,
686,Ishmael,female,7.16,5.06,9.73,7.94,6.51,8.33,Yes,,,,,,
687,Laura,female,9.60,7.09,7.18,9.43,5.65,8.19,Yes,,,,,,
688,Huxley,male,9.71,8.47,8.75,9.03,6.76,9.28,Yes,,,,,,
689,Livia,female,5.22,9.39,9.67,6.28,6.73,7.17,No,,,,,,
690,Warren,female,5.45,6.55,7.97,8.93,5.62,5.12,No,,,,,,
691,Dalia,male,7.24,6.29,5.28,9.28,8.07,5.90,No,,,,,,
692,Ruben,male,5.01,6.79,5.72,6.95,8.60,8.99,Yes,,,,,,
693,Zaira,female,6.14,5.37,7.34,6.44,7.03,7.50,Yes,,,,,,
694,Delilah,male,9.43,9.52,9.12,6.23,9.54,5.91,Yes,,,,,,
695,Jane,female,7.34,7.37,9.49,9.19,6.16,7.66,Yes,,,,,,
696,Veda,female,6.78,8.27,8.01,9.92,8.01,8.06,No,,,,,,
697,Haniya,female,7.44,6.73,5.29,9.85,8.80,6.84,Yes,,,,,,
698,Ollie,female,7.80,5.15,8.22,7.51,9.18,7.23,Yes,,,,,,
699,Raine,female,9.65,6.45,7.85,5.87,8.65,6.00,No,,,,,,
700,Alvin,male,7.48,5.20,5.56,7.95,7.63,8.57,Yes,,,,,,
701,Ace,male,9.07,9.59,6.95,5.13,7.59,7.70,Yes,,,,,,
702,Rowen,male,9.57,6.79,5.66,7.48,6.51,5.54,Yes,,,,,,
703,Della,male,9.06,7.50,5.60,6.77,7.59,7.71,Yes,,,,,,
704,Samuel,male,8.51,8.01,6.00,8.74,6.57,6.94,Yes,,,,,,
705,Jasper,female,6.34,8.61,5.29,7.70,9.11,5.03,Yes,,,,,,
706,Juliette,female,9.29,8.72,8.31,8.84,9.03,5.23,No,,,,,,
707,Melody,female,7.04,8.17,7.41,5.84,8.04,7.97,No,,,,,,
708,Odette,female,7.47,9.63,6.22,8.51,5.09,8.51,No,,,,,,
709,Lyric,female,8.98,8.32,7.59,7.46,8.03,7.75,Yes,,,,,,
710,Addison,male,6.04,9.79,9.01,8.55,8.93,6.32,Yes,,,,,,
711,Eli,male,9.62,7.72,8.94,6.81,6.68,5.42,No,,,,,,
712,Haven,female,9.07,5.51,8.64,8.38,8.40,6.58,Yes,,,,,,
713,Ann,male,7.63,5.88,8.87,7.35,7.55,9.66,Yes,,,,,,
714,Kelvin,female,7.75,7.61,7.15,6.34,7.62,6.08,No,,,,,,
715,Zola,female,5.22,6.72,7.84,9.50,5.87,8.42,Yes,,,,,,
716,Gwen,female,6.07,8.18,7.71,8.99,8.82,5.80,No,,,,,,
717,Lincoln,male,7.20,5.21,8.61,5.58,8.80,6.40,Yes,,,,,,
718,Bodie,male,9.35,7.87,6.36,7.00,6.28,6.68,Yes,,,,,,
719,Noemi,male,7.02,8.87,6.02,5.03,7.53,8.34,No,,,,,,
720,Chiara,male,8.30,7.59,9.22,10.00,7.70,8.53,Yes,,,,,,
721,Tiana,female,6.24,6.99,5.62,8.70,8.81,7.43,Yes,,,,,,
722,Isaac,male,5.59,9.06,7.92,5.66,7.60,9.88,Yes,,,,,,
723,Jaxon,female,7.98,5.94,9.54,5.56,8.99,7.16,No,,,,,,
724,Otto,female,6.90,5.23,5.71,6.61,5.68,5.30,Yes,,,,,,
725,Lennon,male,6.66,6.48,6.97,9.39,5.47,8.15,Yes,,,,,,
726,Wyatt,male,8.06,8.57,5.93,9.05,6.85,9.45,No,,,,,,
727,Alejandro,female,6.87,5.57,5.31,9.51,8.29,6.19,Yes,,,,,,
728,Robert,male,8.73,6.30,5.78,5.93,8.95,9.33,Yes,,,,,,
729,Connor,male,6.27,9.43,6.84,8.07,5.50,7.18,Yes,,,,,,
730,Remington,male,5.14,7.25,8.58,7.56,9.50,9.18,Yes,,,,,,
731,Sahil,female,7.85,9.61,5.01,7.46,6.70,5.05,No,,,,,,
732,Mansi,female,9.38,6.05,5.68,5.45,5.76,8.30,Yes,,,,,,
733,Maisha,female,7.86,8.85,9.16,9.73,6.04,6.50,Yes,,,,,,
734,Javier,male,5.01,7.58,6.89,9.00,8.90,5.23,No,,,,,,
735,Shea,female,9.08,5.61,6.80,7.29,8.36,7.39,Yes,,,,,,
736,Nina,female,8.19,7.23,9.16,7.43,5.28,9.12,Yes,,,,,,
737,Ziva,male,7.56,9.27,6.90,9.18,5.70,9.08,No,,,,,,
738,Kevin,female,6.16,8.86,7.68,8.03,7.78,6.94,No,,,,,,
739,Landon,female,5.36,5.79,9.37,6.47,9.22,7.40,No,,,,,,
740,Lucien,male,8.79,9.31,9.49,7.65,7.87,6.62,No,,,,,,
741,Luke,female,7.26,9.38,9.15,7.01,6.65,9.38,No,,,,,,
742,Aaron,male,9.95,5.60,8.10,5.37,8.15,8.18,Yes,,,,,,
743,Jaxon,female,6.79,5.61,5.06,9.17,9.66,6.66,Yes,,,,,,
744,Shawn,male,6.82,7.72,9.43,5.57,7.93,9.55,No,,,,,,
745,Adalyn,male,5.58,7.59,7.19,6.48,7.96,9.25,No,,,,,,
746,Damon,female,6.42,8.10,8.11,6.33,5.82,5.39,No,,,,,,
747,Iva,female,7.00,9.50,6.11,6.65,8.83,6.17,Yes,,,,,,
748,Aster,female,8.69,8.46,8.21,9.75,8.27,9.82,No,,,,,,
749,Jalen,female,7.72,9.09,8.95,8.20,8.51,9.06,Yes,,,,,,
750,Selina,male,6.31,6.42,9.24,8.96,6.13,8.73,Yes,,,,,,
751,Marina,male,5.73,9.10,8.67,6.33,9.46,8.25,Yes,,,,,,
752,Greyson,female,5.22,7.26,6.29,6.14,9.11,7.36,Yes,,,,,,
753,Ruby,female,8.36,6.40,5.42,7.08,9.34,9.22,Yes,,,,,,
754,Kyler,male,6.08,9.50,9.82,8.75,6.45,8.04,No,,,,,,
755,Wayne,female,5.11,7.60,9.04,5.81,6.80,8.42,No,,,,,,
756,Ines,male,5.24,6.32,8.17,7.41,7.10,5.00,No,,,,,,
757,Caden,male,9.65,6.78,6.27,8.24,9.96,9.96,No,,,,,,
758,Reya,female,7.58,9.12,8.20,9.37,9.28,9.95,Yes,,,,,,
759,Dhruv,female,5.65,6.90,9.56,7.97,8.91,5.45,No,,,,,,
760,Violet,female,7.01,6.21,7.96,5.12,8.69,8.84,Yes,,,,,,
761,Cindy,male,7.35,7.73,9.49,6.34,7.56,9.63,Yes,,,,,,
762,Clyde,female,8.34,8.63,9.80,6.95,7.84,8.02,Yes,,,,,,
763,Estella,female,5.65,5.33,9.30,9.00,8.46,7.76,Yes,,,,,,
764,Jaiden,female,5.33,6.02,7.89,5.74,8.25,8.83,No,,,,,,
765,Charles,female,5.22,6.45,8.28,9.87,8.41,6.08,Yes,,,,,,
766,Flynn,female,9.63,6.25,8.28,8.99,9.04,7.67,Yes,,,,,,
767,Bennett,female,6.97,9.72,6.47,8.52,5.55,9.53,No,,,,,,
768,Cairo,male,6.88,5.04,8.09,7.58,8.43,8.78,No,,,,,,
769,Tyler,male,5.47,5.58,9.08,6.27,8.37,9.46,Yes,,,,,,
770,Zariah,male,5.62,5.03,6.85,8.64,6.94,9.19,Yes,,,,,,
771,Ashley,male,5.99,8.32,5.68,8.72,5.67,8.14,No,,,,,,
772,Brady,male,6.83,7.61,7.17,5.85,9.02,8.89,Yes,,,,,,
773,Ellen,female,7.55,8.47,7.99,6.84,9.44,6.78,No,,,,,,
774,Maryam,female,9.33,6.47,5.55,6.27,9.87,6.95,No,,,,,,
775,Gwendolyn,female,6.51,6.46,9.49,6.58,6.62,7.95,No,,,,,,
776,Asma,male,7.76,8.41,7.30,6.89,6.79,9.89,Yes,,,,,,
777,Kiana,male,5.09,7.97,8.03,6.80,6.77,9.12,Yes,,,,,,
778,Lois,female,5.73,9.58,5.48,5.87,7.45,5.64,No,,,,,,
779,Maxine,female,8.85,7.99,7.50,8.46,5.67,7.50,Yes,,,,,,
780,Leah,male,6.65,8.87,9.08,8.36,5.95,8.20,Yes,,,,,,
781,Easton,female,7.41,5.79,9.19,6.37,9.47,9.93,Yes,,,,,,
782,Keegan,female,8.16,7.88,8.56,5.34,5.60,5.48,Yes,,,,,,
783,Eliza,female,9.17,9.46,5.91,5.23,8.36,6.80,Yes,,,,,,
784,Delaney,female,5.46,5.94,6.68,9.59,5.76,9.09,No,,,,,,
785,Alena,female,7.23,7.45,5.95,9.60,8.07,6.66,Yes,,,,,,
786,Azaria,female,6.86,5.73,8.11,7.40,5.86,6.52,Yes,,,,,,
787,Lynn,female,6.06,9.08,7.99,7.81,7.86,8.17,Yes,,,,,,
788,Esme,male,5.11,9.51,8.72,10.00,6.84,9.49,Yes,,,,,,
789,Colby,female,7.92,9.35,5.72,5.90,7.46,8.55,No,,,,,,
790,Avani,female,9.93,7.57,9.09,9.09,9.92,6.95,No,,,,,,
791,Harriet,male,9.34,5.77,7.56,7.89,9.06,9.04,No,,,,,,
792,Reina,male,5.86,7.65,5.03,9.51,8.56,9.01,Yes,,,,,,
793,Alexandra,male,7.12,8.33,6.42,8.55,5.52,6.34,No,,,,,,
794,Olive,male,5.97,8.87,6.95,9.05,9.21,5.34,No,,,,,,
795,Kayleigh,male,9.30,8.62,9.63,7.75,7.86,9.28,Yes,,,,,,
796,Florence,male,7.64,8.08,5.32,6.28,8.41,8.76,No,,,,,,
797,Kade,male,5.42,9.54,9.10,9.22,9.59,8.36,No,,,,,,
798,Jolene,male,9.96,9.47,5.44,9.32,9.59,5.49,Yes,,,,,,
799,Jana,male,9.62,6.10,9.23,6.62,6.09,6.63,Yes,,,,,,
800,Jemima,female,5.86,6.78,5.77,7.39,8.78,8.72,Yes,,,,,,
801,Myla,female,9.53,7.47,6.34,6.61,6.08,8.71,No,,,,,,
802,Dorothy,female,7.70,6.41,8.81,5.87,5.03,5.63,No,,,,,,
803,Larry,female,5.85,6.53,6.16,8.00,8.46,7.20,No,,,,,,
804,Nelly,female,8.90,8.77,6.03,8.06,7.24,9.80,No,,,,,,
805,Maira,male,5.62,6.35,6.42,7.86,7.90,8.97,Yes,,,,,,
806,Sabine,male,9.31,8.40,5.03,5.78,7.45,9.78,Yes,,,,,,
807,Natalia,male,6.51,9.04,9.86,9.35,9.02,9.34,No,,,,,,
808,Cain,female,9.50,8.11,7.28,8.24,9.34,8.24,No,,,,,,
809,Jael,male,8.00,8.92,5.52,7.78,9.36,7.99,No,,,,,,
810,Persephone,male,6.33,6.01,8.34,6.85,9.98,9.62,No,,,,,,
811,Hayley,female,7.78,8.94,8.93,8.62,6.10,9.33,No,,,,,,
812,Lorraine,female,7.81,6.67,5.35,8.37,8.42,5.98,No,,,,,,
813,Dexter,female,7.39,8.55,5.09,9.84,7.89,6.86,No,,,,,,
814,Meera,male,6.85,8.94,9.91,7.27,6.48,8.10,No,,,,,,
815,Dawn,female,6.36,7.15,7.23,5.21,7.28,7.72,No,,,,,,
816,Yuki,male,8.20,5.64,9.54,8.25,6.33,6.81,No,,,,,,
817,Kane,female,6.52,6.09,7.00,8.67,6.05,9.93,Yes,,,,,,
818,daria,male,7.93,5.37,5.86,9.50,6.29,5.57,Yes,,,,,,
819,Flora,female,6.54,9.47,9.71,6.67,5.85,6.90,Yes,,,,,,
820,Michaela,male,9.13,7.77,8.19,5.33,8.07,6.24,No,,,,,,
821,Eric,female,5.50,8.99,6.97,5.19,8.66,6.92,No,,,,,,
822,Maurice,male,8.83,9.15,9.07,6.73,6.15,5.28,Yes,,,,,,
823,Siena,male,9.53,5.92,7.60,9.23,5.01,8.34,No,,,,,,
824,Alessandra,female,9.55,8.44,9.44,9.68,6.62,6.73,No,,,,,,
825,Ahmad,female,8.95,5.12,9.27,9.65,8.28,5.88,No,,,,,,
826,Zander,female,9.53,8.10,5.05,9.32,7.67,8.52,Yes,,,,,,
827,Kailani,male,7.02,8.23,9.94,9.93,7.11,7.21,No,,,,,,
828,Eileen,female,9.62,7.69,7.53,9.13,8.78,6.43,No,,,,,,
829,Yasmin,female,6.94,9.34,8.93,6.79,8.74,9.07,Yes,,,,,,
830,Tyson,male,6.14,7.68,5.74,6.22,6.49,8.22,No,,,,,,
831,Jared,female,7.99,6.47,8.01,6.79,6.69,7.50,Yes,,,,,,
832,Uriel,female,6.60,6.73,8.60,6.39,9.26,9.20,Yes,,,,,,
833,Marvin,male,7.68,8.72,6.00,7.56,5.07,8.26,No,,,,,,
834,Ronin,male,5.77,6.90,9.85,8.82,9.11,6.67,No,,,,,,
835,Jocelyn,male,5.64,9.34,5.24,9.11,6.74,9.82,Yes,,,,,,
836,Beverly,female,7.08,9.66,6.88,9.71,9.56,9.08,No,,,,,,
837,Liliana,male,7.94,7.00,8.29,9.36,8.54,9.69,Yes,,,,,,
838,Tanya,male,9.77,5.26,6.07,9.70,9.16,8.53,No,,,,,,
839,Theresa,male,5.30,6.33,6.12,5.25,7.34,5.25,No,,,,,,
840,Saira,male,6.21,9.86,9.62,9.74,5.91,5.74,No,,,,,,
841,Teresa,male,7.23,7.44,5.29,6.64,6.62,7.82,No,,,,,,
842,Mavis,male,7.29,7.58,5.72,9.42,6.37,9.84,No,,,,,,
843,Akashy,female,9.92,5.20,5.96,7.94,7.69,8.58,No,,,,,,
844,Lulu,male,6.72,6.93,9.46,7.99,5.34,9.87,Yes,,,,,,
845,Joelle,female,7.57,9.97,6.70,7.43,5.63,9.98,Yes,,,,,,
846,Arabella,male,8.80,8.66,9.40,8.49,5.33,5.34,No,,,,,,
847,Rhett,male,9.49,7.51,5.02,6.74,5.92,7.44,Yes,,,,,,
848,Natalie,female,9.89,8.46,8.88,5.36,8.60,6.97,Yes,,,,,,
849,Jaylen,female,7.19,8.24,5.35,9.13,8.28,8.25,No,,,,,,
850,Nelly,female,8.66,8.97,6.78,5.23,7.14,7.91,No,,,,,,
851,Calista,female,6.95,6.18,5.74,9.83,9.86,7.94,No,,,,,,
852,Juniper,female,7.98,9.14,5.64,7.89,7.66,6.43,No,,,,,,
853,Oren,male,7.29,7.75,9.38,8.53,8.83,5.42,No,,,,,,
854,Zena,female,8.99,8.42,8.65,8.83,6.62,5.89,No,,,,,,
855,Juan,male,5.54,6.30,9.21,8.49,9.82,8.94,No,,,,,,
856,Cara,male,9.72,5.89,7.74,7.46,6.14,9.64,Yes,,,,,,
857,Nadine,female,6.97,5.58,9.98,7.82,7.30,5.21,No,,,,,,
858,Reina,male,6.71,6.54,5.81,5.07,7.11,6.76,No,,,,,,
859,Kathleen,female,7.85,5.00,6.50,8.18,8.43,9.29,No,,,,,,
860,Romi,female,8.51,5.43,9.85,8.19,5.95,8.14,Yes,,,,,,
861,Annabelle,female,7.64,7.48,7.59,8.25,9.40,8.65,Yes,,,,,,
862,Jessie,male,8.16,8.25,6.71,8.60,5.77,7.07,No,,,,,,
863,Finnley,male,5.25,8.77,5.06,5.67,7.99,5.51,Yes,,,,,,
864,Soleil,male,7.14,8.23,6.92,7.69,8.16,5.75,Yes,,,,,,
865,Evangeline,female,9.83,7.79,6.57,5.40,9.66,7.70,No,,,,,,
866,Melina,male,8.16,5.05,9.32,8.75,6.20,6.22,Yes,,,,,,
867,Matilda,female,8.76,7.52,9.82,8.48,8.72,7.36,Yes,,,,,,
868,Sterling,male,7.52,5.08,7.40,5.70,9.30,7.83,Yes,,,,,,
869,Ravi,male,9.05,7.85,7.66,6.71,6.43,9.15,No,,,,,,
870,Annika,female,8.05,8.15,5.48,5.05,8.98,9.72,Yes,,,,,,
871,Ash,female,7.41,5.84,8.17,5.70,9.22,6.83,No,,,,,,
872,Griffin,female,6.94,9.69,7.85,9.62,8.75,6.08,Yes,,,,,,
873,Noor,male,5.21,9.71,7.66,7.10,6.53,8.29,No,,,,,,
874,Ralph,female,8.47,6.22,7.47,8.82,8.12,8.56,No,,,,,,
875,Rai,male,8.52,7.91,9.78,8.73,7.98,5.05,Yes,,,,,,
876,Liza,female,7.08,6.20,9.36,8.35,5.53,9.47,No,,,,,,
877,Conrad,female,8.96,8.12,5.85,9.55,9.81,7.34,Yes,,,,,,
878,Mckenna,female,5.19,7.10,6.42,5.55,6.69,6.82,Yes,,,,,,
879,Raelynn,female,6.35,5.69,5.43,8.74,6.92,6.18,Yes,,,,,,
880,Jenny,female,6.69,5.39,9.49,6.91,9.77,5.43,No,,,,,,
881,Liya,male,7.80,5.56,7.25,6.92,9.45,9.01,Yes,,,,,,
882,Jasmine,male,8.46,6.16,6.44,6.35,5.84,9.02,No,,,,,,
883,Dalton,male,5.71,5.36,7.74,5.88,6.51,5.64,Yes,,,,,,
884,Bryan,female,5.36,9.26,9.55,8.97,8.65,8.03,No,,,,,,
885,Alisa,male,8.03,9.26,8.27,5.15,5.38,8.69,Yes,,,,,,
886,Celia,male,9.90,5.87,7.80,6.85,7.64,7.43,Yes,,,,,,
887,Clayton,female,8.57,7.17,7.45,9.07,6.40,6.06,Yes,,,,,,
888,Reid,male,8.70,6.57,5.93,9.33,8.48,9.58,Yes,,,,,,
889,Aris,male,8.64,7.87,9.00,6.04,6.40,5.26,Yes,,,,,,
890,Courtney,male,5.75,5.98,9.89,9.66,7.74,9.20,Yes,,,,,,
891,Lacey,female,5.93,7.30,9.03,9.32,8.86,9.94,Yes,,,,,,
892,Adelaide,female,9.03,9.66,9.10,8.09,9.94,5.21,No,,,,,,
893,Percy,male,8.97,8.58,7.60,7.18,9.02,7.75,No,,,,,,
894,Maximilian,female,7.28,9.84,7.78,9.43,6.75,6.19,No,,,,,,
895,Atticus,female,9.59,7.97,6.14,5.89,6.25,5.94,Yes,,,,,,
896,Sergio,female,6.19,6.77,9.56,9.85,8.16,6.70,Yes,,,,,,
897,Finnegan,female,6.97,5.65,5.37,9.67,5.34,9.18,Yes,,,,,,
898,Selena,male,7.79,6.30,9.37,6.53,5.19,7.35,No,,,,,,
899,Kaleb,male,5.02,8.98,6.89,6.13,7.85,7.62,Yes,,,,,,
900,Christopher,male,6.97,6.23,6.40,8.49,6.57,6.23,No,,,,,,
901,Ozzy,female,5.10,6.49,9.15,5.55,5.71,5.04,Yes,,,,,,
902,Samantha,male,6.18,5.16,7.47,7.63,7.49,7.74,Yes,,,,,,
903,Maisy,female,8.93,7.83,5.15,5.89,8.82,8.61,Yes,,,,,,
904,Brynn,male,6.68,8.28,6.42,9.22,6.42,7.42,No,,,,,,
905,Jeffrey,male,8.39,8.18,9.94,7.34,9.30,9.86,No,,,,,,
906,Diane,male,9.25,6.72,8.70,7.47,8.53,6.00,Yes,,,,,,
907,Etta,male,8.55,7.57,9.52,8.48,6.22,9.20,No,,,,,,
908,Denzel,male,6.01,5.82,8.88,8.16,8.81,6.05,Yes,,,,,,
909,Adora,male,9.59,6.78,9.64,8.02,7.05,7.28,Yes,,,,,,
910,Kiera,female,7.44,9.94,5.10,5.62,9.55,7.24,No,,,,,,
911,Emmy,female,9.86,6.02,9.65,8.45,5.31,9.62,No,,,,,,
912,Venus,male,6.91,7.11,7.41,9.53,6.50,8.17,Yes,,,,,,
913,Maggie,male,8.45,9.88,9.09,7.93,6.29,6.15,No,,,,,,
914,Murphy,female,5.27,8.96,9.21,6.68,8.98,6.63,Yes,,,,,,
915,Saige,female,7.71,7.58,6.53,6.52,9.67,7.68,No,,,,,,
916,Leif,female,5.43,8.56,9.43,9.83,7.95,9.72,No,,,,,,
917,Devon,male,6.74,7.50,8.35,9.39,5.52,5.08,Yes,,,,,,
918,Emmet,female,5.93,9.06,7.06,8.32,7.16,7.93,Yes,,,,,,
919,Omari,male,9.53,7.02,8.70,5.91,5.90,6.57,No,,,,,,
920,Dahlia,male,5.29,8.99,8.47,9.89,6.05,9.03,No,,,,,,
921,Lina,female,8.03,9.96,8.87,5.08,5.52,7.31,Yes,,,,,,
922,Harlan,female,7.36,7.20,7.91,5.27,5.47,6.52,No,,,,,,
923,Janet,female,6.51,6.37,6.41,7.36,8.72,7.52,No,,,,,,
924,Tilly,female,9.81,5.22,8.59,5.75,5.40,6.82,Yes,,,,,,
925,Manya,male,5.85,6.22,6.68,9.14,9.13,7.91,Yes,,,,,,
926,Sidney,female,9.71,5.10,5.10,6.47,6.39,9.32,No,,,,,,
927,Steven,male,7.60,7.43,6.44,7.62,5.01,5.63,No,,,,,,
928,Vivienne,female,9.24,6.65,7.70,8.74,6.43,5.80,Yes,,,,,,
929,Saisha,male,5.24,8.66,7.55,7.13,5.47,9.65,Yes,,,,,,
930,Emil,male,7.90,7.18,7.38,6.80,6.48,5.79,No,,,,,,
931,Paxton,male,5.32,6.87,9.82,5.12,8.64,7.63,Yes,,,,,,
932,Maureen,male,9.87,5.65,5.67,7.37,9.61,7.26,No,,,,,,
933,Maddie,male,6.97,7.27,5.16,7.21,7.36,6.57,Yes,,,,,,
934,Cassie,male,5.51,7.67,9.29,5.85,7.47,8.71,No,,,,,,
935,Alden,female,8.72,8.82,8.51,6.30,7.61,6.87,No,,,,,,
936,Katelyn,male,9.91,9.84,6.69,9.44,6.89,7.12,Yes,,,,,,
937,Kora,female,7.19,6.92,6.45,8.91,8.60,5.13,No,,,,,,
938,Isadora,female,8.99,9.59,9.12,6.32,5.86,6.17,Yes,,,,,,
939,Lucia,male,8.44,8.59,6.68,5.12,6.27,8.40,Yes,,,,,,
940,Brittany,female,5.01,7.05,9.57,9.29,5.53,5.50,No,,,,,,
941,Gael,male,5.27,9.28,5.42,6.78,5.91,6.67,Yes,,,,,,
942,Emilio,female,6.35,7.42,8.78,8.37,5.36,9.53,Yes,,,,,,
943,Simeon,male,9.74,7.71,7.43,8.86,6.98,6.91,Yes,,,,,,
944,Autumn,female,6.28,9.98,7.92,9.09,6.19,5.20,No,,,,,,
945,Aileen,female,6.35,9.27,9.48,5.21,5.69,7.72,Yes,,,,,,
946,Alfie,male,5.61,6.58,5.35,6.78,5.89,7.74,Yes,,,,,,
947,Trevor,female,5.43,5.75,6.35,5.56,7.77,6.27,No,,,,,,
948,Ivana,male,9.41,6.71,6.30,8.06,5.55,5.77,Yes,,,,,,
949,Jameson,female,9.81,9.67,5.27,9.81,7.46,7.34,No,,,,,,
950,Arwen,female,5.63,8.63,9.03,9.85,5.16,7.37,Yes,,,,,,
951,Bentley,male,5.08,7.84,5.26,6.96,6.69,9.36,Yes,,,,,,
952,Saul,male,8.65,6.54,7.28,6.47,5.45,9.07,Yes,,,,,,
953,Paula,female,9.45,7.64,6.28,9.69,9.68,8.80,No,,,,,,
954,Kye,male,5.95,6.56,5.52,9.23,5.93,9.26,No,,,,,,
955,Allegra,female,8.38,6.23,8.80,8.77,7.45,7.02,Yes,,,,,,
956,Kristen,male,5.64,5.63,6.52,7.14,6.97,6.12,No,,,,,,
957,Elaina,male,5.69,8.74,5.84,6.71,7.27,5.59,No,,,,,,
958,Clementine,male,8.69,8.98,6.41,6.33,5.66,6.44,No,,,,,,
959,Mack,female,9.82,6.06,7.51,6.14,8.66,7.17,Yes,,,,,,
960,Julianna,female,5.35,7.19,5.74,5.37,5.35,7.26,No,,,,,,
961,Janice,male,7.31,8.28,6.07,6.31,7.73,8.51,Yes,,,,,,
962,Kennedy,male,9.56,9.05,6.82,6.88,8.47,6.04,Yes,,,,,,
963,Adnan,female,8.74,5.40,5.95,9.74,8.74,8.49,No,,,,,,
964,Grey,male,5.50,6.43,9.37,5.73,5.41,5.04,No,,,,,,
965,Gian,female,8.00,5.90,9.15,7.78,9.24,7.58,Yes,,,,,,
966,Marlowe,male,7.22,9.40,9.33,5.63,8.24,9.91,No,,,,,,
967,Arielle,female,8.75,8.25,9.92,6.56,9.57,5.70,Yes,,,,,,
968,Tobias,male,7.02,6.69,8.32,7.63,8.33,6.39,Yes,,,,,,
969,Kit,female,6.87,9.82,5.43,9.94,6.43,6.85,No,,,,,,
970,Lewis,female,8.36,7.05,9.33,9.67,9.20,7.29,No,,,,,,
971,Caiden,male,5.22,6.37,8.13,7.63,5.29,7.02,No,,,,,,
972,Cassandra,male,5.21,7.12,8.37,8.25,8.59,7.19,No,,,,,,
973,Rajesh,female,9.42,8.89,9.58,8.97,5.48,7.17,Yes,,,,,,
974,Zeke,female,9.05,6.35,8.18,9.34,9.35,5.83,Yes,,,,,,
975,Harrison,female,7.38,8.38,5.23,6.52,9.11,6.54,Yes,,,,,,
976,Celina,male,7.70,7.90,6.41,6.07,8.81,8.76,Yes,,,,,,
977,Maddox,male,9.95,8.85,7.32,6.36,6.48,6.60,No,,,,,,
978,Emmie,female,7.02,5.25,5.08,5.93,9.93,8.17,No,,,,,,
979,Neil,male,5.15,6.80,9.97,9.72,8.56,6.33,Yes,,,,,,
980,Edward,female,6.73,8.63,5.63,8.58,5.25,5.27,No,,,,,,
981,Hector,male,8.29,9.16,8.87,9.35,7.01,5.64,No,,,,,,
982,Danica,male,9.98,8.56,9.12,6.31,9.26,5.23,Yes,,,,,,
983,Carina,male,5.28,5.04,9.96,7.61,9.86,7.50,No,,,,,,
984,Amirah,female,5.44,9.36,8.62,8.95,6.67,8.28,No,,,,,,
985,Rene,male,5.70,8.86,6.43,8.71,5.93,7.41,No,,,,,,
986,Briana,female,7.05,7.50,6.75,5.39,8.51,7.77,Yes,,,,,,
987,Milana,male,5.49,9.62,8.15,6.72,10.00,8.09,No,,,,,,
988,Blaire,male,9.70,7.17,6.09,5.49,8.48,5.96,No,,,,,,
989,Sally,male,5.39,8.94,9.38,8.77,9.20,8.48,Yes,,,,,,
990,Drew,female,5.11,8.84,5.12,8.47,5.60,7.23,No,,,,,,
991,Kenzie,female,5.56,5.54,5.36,9.57,6.79,9.39,Yes,,,,,,
992,Anais,male,6.85,6.80,6.25,6.39,8.95,6.88,Yes,,,,,,
993,Carla,female,6.50,5.23,7.57,9.27,8.68,5.87,Yes,,,,,,
994,Hezekiah,male,6.81,8.15,7.67,9.47,7.61,6.00,No,,,,,,
995,Solana,male,5.10,8.80,8.81,9.66,5.67,7.23,Yes,,,,,,
996,Hayes,female,5.15,7.49,8.87,9.54,9.66,5.37,No,,,,,,
997,Nathaniel,male,5.33,8.13,7.92,7.04,7.12,6.05,No,,,,,,
998,Masha,male,9.46,8.89,7.35,7.13,6.90,6.62,No,,,,,,
999,Johanna,male,8.94,8.79,6.07,6.41,10.00,9.89,No,,,,,,
1000,Roshan,female,8.59,6.67,5.64,9.76,9.08,6.52,No,,,,,,
,,,,,,,,,Yes,,,,,,
